sample_id,timestamp,location_id,hazard_label,image_path,temperature,humidity,aqi,pm25,pm10,co,no2,so2,rainfall,wind_speed,pressure,traffic_density
S00000,1786736020,LOC-005,SMOKE_FIRE_RISK,data/images/S00000.jpg,44.29,38.47,321.06,267.4,352.26,1.49,15.76,8.99,0.22,6.26,1006.59,0.55
S00001,1786736320,LOC-001,HEAVY_RAIN,data/images/S00001.jpg,26.05,89.4,54.75,8.5,19.95,0.79,42.49,22.66,51.23,22.52,986.64,0.78
S00002,1786736620,LOC-004,HEAVY_RAIN,data/images/S00002.jpg,23.7,83.82,33.86,18.11,57.42,0.74,35.76,0,42.67,14.11,998.72,0.82
S00003,1786736920,LOC-003,LOW_VISIBILITY,data/images/S00003.jpg,16.59,70.78,126.67,81.08,169.3,0,30.0,15.6,9.57,3.14,1014.01,0.64
S00004,1786737220,LOC-004,AIR_POLLUTION,data/images/S00004.jpg,29.24,70.91,258.62,156.77,223.87,1.34,22.39,22.18,0.71,2.11,1008.94,0.14
S00005,1786737520,LOC-001,SMOKE_FIRE_RISK,data/images/S00005.jpg,48.93,41.12,382.86,278.12,242.63,0.79,29.02,26.47,0,11.41,1004.91,0.81
S00006,1786737820,LOC-005,HEAVY_RAIN,data/images/S00006.jpg,19.52,74.56,48.61,21.65,40.57,0.73,0,0.88,58.09,21.92,996.03,0.45
S00007,1786738120,LOC-003,FLOOD_RISK,data/images/S00007.jpg,28.35,82.65,68.75,25.88,50.8,1.16,31.17,16.59,76.97,16.99,1000.84,0.43
S00008,1786738420,LOC-002,FLOOD_RISK,data/images/S00008.jpg,20.29,82.93,55.75,14.69,36.84,0,31.57,26.42,48.25,13.63,990.55,0.31
S00009,1786738720,LOC-005,LOW_VISIBILITY,data/images/S00009.jpg,22.55,83.2,146.02,110.36,188.34,0.42,45.15,1.82,1.49,0,1015.97,0.34
S00010,1786739020,LOC-005,FLOOD_RISK,data/images/S00010.jpg,24.99,83.19,41.5,5.24,26.58,1.28,15.33,0,67.67,13.29,1000.16,0.7
S00011,1786739320,LOC-005,FLOOD_RISK,data/images/S00011.jpg,26.22,95.45,52.83,28.5,31.16,0.8,54.03,21.28,64.88,18.7,1003.0,0.38
S00012,1786739620,LOC-004,EXTREME_ENVIRONMENTAL_CONDITION,data/images/S00012.jpg,42.65,85.49,253.08,251.25,205.44,0.48,31.0,0.46,94.83,25.44,1001.11,0.35
S00013,1786739920,LOC-005,AIR_POLLUTION,data/images/S00013.jpg,26.71,67.59,268.24,182.68,269.69,1.08,39.37,11.49,0,3.94,1004.45,0.72
S00014,1786740220,LOC-005,NORMAL,data/images/S00014.jpg,25.26,59.08,59.73,27.97,21.43,0.6,20.17,19.34,0.67,11.42,1005.57,0.19
S00015,1786740520,LOC-001,NORMAL,data/images/S00015.jpg,28.26,54.74,30.52,21.92,37.57,1.62,29.81,8.04,0.1,13.0,1005.21,0.44
S00016,1786740820,LOC-004,NORMAL,data/images/S00016.jpg,27.98,66.29,40.05,26.8,55.18,1.04,21.12,8.72,1.89,11.31,1018.5,0.27
S00017,1786741120,LOC-004,HEAVY_RAIN,data/images/S00017.jpg,22.95,79.92,48.26,24.25,63.36,1.32,38.42,24.86,39.25,20.44,996.88,0.2
S00018,1786741420,LOC-003,LOW_VISIBILITY,data/images/S00018.jpg,19.31,78.2,125.77,35.98,109.31,0.9,12.99,25.5,1.06,5.24,1009.43,0.6
S00019,1786741720,LOC-004,SMOKE_FIRE_RISK,data/images/S00019.jpg,36.52,24.33,180.86,350.33,277.84,1.62,47.38,10.47,0,3.34,1015.16,0.37
S00020,1786742020,LOC-004,FLOOD_RISK,data/images/S00020.jpg,23.01,86.7,48.46,27.81,39.88,0.45,22.39,10.54,71.08,9.75,1000.44,0.86
S00021,1786742320,LOC-001,LOW_VISIBILITY,data/images/S00021.jpg,16.7,79.33,123.14,140.21,160.37,1.12,26.42,13.63,1.7,2.05,1004.68,0.75
S00022,1786742620,LOC-001,NORMAL,data/images/S00022.jpg,25.83,51.79,22.7,11.07,26.55,0.88,54.33,17.67,0.53,11.82,1006.53,0.38
S00023,1786742920,LOC-001,FLOOD_RISK,data/images/S00023.jpg,26.06,88.12,62.07,31.2,48.73,0.84,46.15,13.78,64.16,17.36,1003.56,0.83
S00024,1786743220,LOC-003,SMOKE_FIRE_RISK,data/images/S00024.jpg,33.43,34.89,306.76,212.82,226.97,1.28,30.52,15.76,0.28,3.99,1009.67,0.42
S00025,1786743520,LOC-002,EXTREME_ENVIRONMENTAL_CONDITION,data/images/S00025.jpg,40.72,88.81,248.86,115.09,237.86,0.06,48.05,10.09,46.36,29.61,998.53,0.56
S00026,1786743820,LOC-003,HEAVY_RAIN,data/images/S00026.jpg,20.86,90.07,69.55,14.23,34.25,1.25,28.48,5.0,63.33,18.62,1009.67,0.33
S00027,1786744120,LOC-001,SMOKE_FIRE_RISK,data/images/S00027.jpg,35.46,24.41,299.35,216.68,311.19,0.72,20.4,18.54,0.64,11.56,1002.11,0.72
S00028,1786744420,LOC-005,EXTREME_ENVIRONMENTAL_CONDITION,data/images/S00028.jpg,36.46,90.25,271.87,188.69,231.43,1.53,42.58,15.62,72.43,33.26,983.11,0.46
S00029,1786744720,LOC-003,HEAVY_RAIN,data/images/S00029.jpg,21.64,85.24,58.56,22.79,30.64,0.83,36.19,4.91,50.41,14.16,1000.07,0.3
S00030,1786745020,LOC-002,SMOKE_FIRE_RISK,data/images/S00030.jpg,34.54,20.4,250.98,246.09,349.6,1.03,53.37,12.73,0,14.16,1013.28,0.64
S00031,1786745320,LOC-003,EXTREME_ENVIRONMENTAL_CONDITION,data/images/S00031.jpg,41.79,100,382.58,193.28,249.74,0.6,43.18,0.74,84.27,34.03,991.62,0.78
S00032,1786745620,LOC-004,LOW_VISIBILITY,data/images/S00032.jpg,13.97,78.39,161.5,127.31,148.06,1.28,40.99,17.58,3.39,6.33,1003.82,0.68
S00033,1786745920,LOC-004,LOW_VISIBILITY,data/images/S00033.jpg,27.36,85.82,196.37,149.72,158.14,1.32,31.39,16.45,0,6.52,1013.27,0.74
S00034,1786746220,LOC-003,NORMAL,data/images/S00034.jpg,22.02,50.55,21.35,3.36,26.25,1.78,40.38,14.25,1.29,12.9,1006.3,0.28
S00035,1786746520,LOC-002,SMOKE_FIRE_RISK,data/images/S00035.jpg,35.28,41.1,388.29,314.29,241.5,0.37,33.09,7.89,0.46,0.79,1007.69,0.6
S00036,1786746820,LOC-004,FLOOD_RISK,data/images/S00036.jpg,26.35,84.28,69.15,10.59,35.13,1.66,41.93,14.18,74.45,17.88,1001.14,0.51
S00037,1786747120,LOC-003,NORMAL,data/images/S00037.jpg,30.21,71.05,43.58,31.21,49.35,1.0,58.65,18.41,0,6.44,1007.85,0.56
S00038,1786747420,LOC-002,LOW_VISIBILITY,data/images/S00038.jpg,24.23,68.72,190.01,83.85,190.34,1.2,36.41,10.76,6.59,2.5,998.06,0.44
S00039,1786747720,LOC-002,FLOOD_RISK,data/images/S00039.jpg,26.51,96.1,19.24,20.3,43.0,1.44,41.35,11.55,58.08,11.0,1007.51,0.21
S00040,1786748020,LOC-003,LOW_VISIBILITY,data/images/S00040.jpg,25.57,84.02,139.82,96.98,166.25,1.02,52.53,12.67,2.93,4.98,1011.36,0.4
S00041,1786748320,LOC-004,AIR_POLLUTION,data/images/S00041.jpg,27.22,44.83,288.35,221.7,265.41,0.94,24.36,9.6,0,4.98,1006.73,0.48
S00042,1786748620,LOC-002,EXTREME_ENVIRONMENTAL_CONDITION,data/images/S00042.jpg,39.44,100,267.41,250.51,293.42,1.02,23.24,9.34,63.98,28.77,988.13,0.72
S00043,1786748920,LOC-003,NORMAL,data/images/S00043.jpg,24.09,63.58,49.42,25.15,46.37,1.22,21.46,23.92,1.28,8.97,1014.46,0.25
S00044,1786749220,LOC-003,EXTREME_ENVIRONMENTAL_CONDITION,data/images/S00044.jpg,44.9,92.6,285.66,149.92,269.01,0.55,22.89,9.17,79.41,36.82,992.8,0.75
S00045,1786749520,LOC-005,EXTREME_ENVIRONMENTAL_CONDITION,data/images/S00045.jpg,40.44,92.2,301.75,144.89,313.34,2.02,28.99,4.2,80.85,31.45,993.21,0.48
S00046,1786749820,LOC-003,NORMAL,data/images/S00046.jpg,29.11,52.26,53.61,18.48,36.55,1.32,40.84,12.86,0.73,6.16,1013.0,0.58
S00047,1786750120,LOC-004,AIR_POLLUTION,data/images/S00047.jpg,27.97,37.92,233.14,197.93,225.47,1.68,51.07,15.58,0,6.99,1003.39,0.31
S00048,1786750420,LOC-002,HEAVY_RAIN,data/images/S00048.jpg,21.71,74.89,64.95,9.0,29.14,0.97,28.32,20.82,57.85,28.82,1001.88,0.25
S00049,1786750720,LOC-004,HEAVY_RAIN,data/images/S00049.jpg,21.5,89.65,49.85,13.08,39.85,1.77,40.18,7.33,42.16,19.38,997.49,0.53
S00050,1786751020,LOC-001,SMOKE_FIRE_RISK,data/images/S00050.jpg,41.43,29.48,390.44,248.13,341.99,1.55,38.81,4.51,0,2.02,1002.16,0.14
S00051,1786751320,LOC-003,SMOKE_FIRE_RISK,data/images/S00051.jpg,33.31,18.92,309.34,224.13,225.42,1.48,24.32,7.18,0,6.76,1001.42,0.59
S00052,1786751620,LOC-004,EXTREME_ENVIRONMENTAL_CONDITION,data/images/S00052.jpg,41.43,91.56,351.22,249.63,209.69,1.93,46.39,10.24,77.95,27.32,992.38,0.42
S00053,1786751920,LOC-004,NORMAL,data/images/S00053.jpg,27.23,55.33,34.4,11.82,50.81,1.41,32.24,0,0.79,9.72,1012.68,0.21
S00054,1786752220,LOC-005,EXTREME_ENVIRONMENTAL_CONDITION,data/images/S00054.jpg,33.18,86.21,323.43,103.08,248.96,0.71,37.8,8.57,65.01,25.87,988.6,0.43
S00055,1786752520,LOC-003,SMOKE_FIRE_RISK,data/images/S00055.jpg,47.29,22.24,314.93,182.56,310.46,1.45,49.49,11.77,0.45,5.56,1003.75,0.22
S00056,1786752820,LOC-004,HEAVY_RAIN,data/images/S00056.jpg,23.78,87.32,52.46,27.0,30.5,1.27,35.31,2.16,63.63,19.76,1001.66,0.64
S00057,1786753120,LOC-002,EXTREME_ENVIRONMENTAL_CONDITION,data/images/S00057.jpg,40.94,100,227.09,144.83,275.22,0.95,40.42,22.49,98.61,27.85,994.43,0.2
S00058,1786753420,LOC-002,SMOKE_FIRE_RISK,data/images/S00058.jpg,33.19,37.36,339.38,227.99,278.53,2.34,37.59,20.05,0.19,3.48,1008.21,0.11
S00059,1786753720,LOC-001,AIR_POLLUTION,data/images/S00059.jpg,21.94,44.69,246.8,172.23,220.75,0.85,32.77,11.74,0.63,6.61,1007.6,0.55
S00060,1786754020,LOC-005,AIR_POLLUTION,data/images/S00060.jpg,21.32,46.88,222.49,111.41,207.83,0.81,51.54,5.72,0.89,2.29,1009.03,0.63
S00061,1786754320,LOC-001,EXTREME_ENVIRONMENTAL_CONDITION,data/images/S00061.jpg,39.23,95.41,238.48,169.22,277.29,1.11,2.24,21.34,93.58,29.05,992.74,0.1
S00062,1786754620,LOC-004,FLOOD_RISK,data/images/S00062.jpg,29.11,87.05,89.53,19.51,46.07,0.4,21.6,0,41.28,11.69,998.6,0.47
S00063,1786754920,LOC-002,HEAVY_RAIN,data/images/S00063.jpg,14.36,93.43,68.99,13.26,25.96,0.77,50.87,11.9,64.78,22.62,1001.67,0.23
S00064,1786755220,LOC-004,FLOOD_RISK,data/images/S00064.jpg,21.86,90.41,70.88,29.58,34.05,1.15,53.22,12.65,65.42,12.3,996.58,0.65
S00065,1786755520,LOC-002,NORMAL,data/images/S00065.jpg,29.61,58.19,55.47,30.31,47.05,1.15,35.25,13.9,0,5.62,1009.81,0.17
S00066,1786755820,LOC-003,SMOKE_FIRE_RISK,data/images/S00066.jpg,40.68,41.45,299.71,260.92,330.97,0.66,23.42,14.56,0,4.16,1007.43,0.69
S00067,1786756120,LOC-005,NORMAL,data/images/S00067.jpg,28.56,73.15,54.6,20.87,37.27,1.26,41.1,23.23,1.28,5.34,1014.99,0.6
S00068,1786756420,LOC-002,EXTREME_ENVIRONMENTAL_CONDITION,data/images/S00068.jpg,37.36,87.89,289.73,115.07,290.77,1.16,28.12,11.55,82.35,42.84,997.07,0.56
S00069,1786756720,LOC-005,EXTREME_ENVIRONMENTAL_CONDITION,data/images/S00069.jpg,46.48,89.9,318.05,250.88,292.27,1.48,39.62,20.13,92.03,35.63,990.86,0.21
S00070,1786757020,LOC-005,EXTREME_ENVIRONMENTAL_CONDITION,data/images/S00070.jpg,43.86,93.47,113.86,330.62,379.88,0.93,45.18,10.2,69.11,41.7,1000.32,0.52
S00071,1786757320,LOC-004,AIR_POLLUTION,data/images/S00071.jpg,34.91,40.03,254.12,175.25,172.77,0.3,32.86,18.32,0.25,2.63,1011.04,0.76
S00072,1786757620,LOC-002,HEAVY_RAIN,data/images/S00072.jpg,21.16,83.11,44.87,7.57,48.59,0.89,45.17,20.54,50.89,21.0,995.84,0.79
S00073,1786757920,LOC-002,HEAVY_RAIN,data/images/S00073.jpg,27.23,76.58,47.9,14.97,35.3,0.39,20.05,12.45,44.93,28.31,1002.05,0.19
S00074,1786758220,LOC-001,EXTREME_ENVIRONMENTAL_CONDITION,data/images/S00074.jpg,39.13,88.36,257.96,181.77,294.27,0.72,39.26,18.02,70.92,42.83,996.52,0.32
S00075,1786758520,LOC-001,HEAVY_RAIN,data/images/S00075.jpg,23.15,87.61,52.44,25.38,19.19,0.58,47.08,10.14,41.32,25.13,991.47,0.82
S00076,1786758820,LOC-004,LOW_VISIBILITY,data/images/S00076.jpg,23.84,84.77,146.02,46.55,187.5,1.33,38.86,5.39,7.6,3.6,1010.8,0.51
S00077,1786759120,LOC-002,FLOOD_RISK,data/images/S00077.jpg,20.68,89.91,80.75,23.78,49.13,0.96,14.62,23.08,51.84,12.4,993.96,0.24
S00078,1786759420,LOC-003,NORMAL,data/images/S00078.jpg,21.63,41.14,42.39,28.33,49.08,0.51,31.03,16.26,2.55,10.33,1009.33,0.15
S00079,1786759720,LOC-002,FLOOD_RISK,data/images/S00079.jpg,25.81,92.59,70.94,24.33,40.65,0.77,10.15,3.94,67.09,13.73,988.94,0.16
S00080,1786760020,LOC-003,HEAVY_RAIN,data/images/S00080.jpg,22.16,92.92,64.21,30.52,28.45,0.64,51.91,25.77,46.05,20.35,1008.0,0.57
S00081,1786760320,LOC-005,EXTREME_ENVIRONMENTAL_CONDITION,data/images/S00081.jpg,38.2,82.14,285.07,210.67,315.38,0.92,35.59,0,97.72,35.12,1000.4,0.28
S00082,1786760620,LOC-002,FLOOD_RISK,data/images/S00082.jpg,21.26,91.42,49.31,11.38,64.63,0.86,46.76,27.37,77.74,17.6,1003.45,0.16
S00083,1786760920,LOC-001,NORMAL,data/images/S00083.jpg,32.82,52.11,59.2,24.7,25.86,1.14,37.77,5.32,0,9.22,1021.23,0.32
S00084,1786761220,LOC-005,EXTREME_ENVIRONMENTAL_CONDITION,data/images/S00084.jpg,39.55,90.9,316.36,249.27,358.88,0,69.83,20.19,80.33,31.56,982.79,0.43
S00085,1786761520,LOC-001,FLOOD_RISK,data/images/S00085.jpg,27.58,92.0,71.29,24.83,33.97,1.53,51.71,9.4,53.1,18.52,1011.64,0.44
S00086,1786761820,LOC-004,HEAVY_RAIN,data/images/S00086.jpg,17.54,83.72,58.81,25.46,25.67,0,33.3,0,49.65,24.98,1002.05,0.78
S00087,1786762120,LOC-002,NORMAL,data/images/S00087.jpg,27.9,32.65,65.32,17.68,36.79,1.01,45.96,10.72,1.39,5.7,1004.54,0.19
S00088,1786762420,LOC-001,FLOOD_RISK,data/images/S00088.jpg,33.58,94.91,51.24,29.13,39.76,0.78,38.73,9.04,62.09,16.6,999.79,0.27
S00089,1786762720,LOC-001,HEAVY_RAIN,data/images/S00089.jpg,18.77,88.4,31.4,25.16,32.24,1.27,41.48,10.74,55.12,21.33,999.71,0.53
S00090,1786763020,LOC-004,NORMAL,data/images/S00090.jpg,29.65,55.87,50.04,1.83,40.45,0.48,36.61,17.32,2.73,6.17,1011.33,0.41
S00091,1786763320,LOC-002,HEAVY_RAIN,data/images/S00091.jpg,26.94,88.55,57.87,15.73,20.73,0.82,12.07,11.46,37.33,21.72,1001.98,0.37
S00092,1786763620,LOC-005,SMOKE_FIRE_RISK,data/images/S00092.jpg,34.05,23.89,555.77,172.62,361.89,0.51,55.58,23.59,0.13,3.68,1007.97,0.54
S00093,1786763920,LOC-005,HEAVY_RAIN,data/images/S00093.jpg,17.27,83.8,23.02,28.95,27.27,0.86,40.22,8.41,49.94,14.4,1002.67,0.31
S00094,1786764220,LOC-001,NORMAL,data/images/S00094.jpg,25.36,50.13,61.94,21.54,39.55,1.29,51.21,0,0.59,7.69,1012.28,0.44
S00095,1786764520,LOC-004,SMOKE_FIRE_RISK,data/images/S00095.jpg,35.19,23.75,303.36,182.48,284.98,0.42,23.83,5.61,0,1.27,1006.48,0.52
S00096,1786764820,LOC-005,HEAVY_RAIN,data/images/S00096.jpg,27.5,82.16,40.92,8.46,40.11,0.14,46.71,2.75,41.63,29.77,999.69,0.26
S00097,1786765120,LOC-001,SMOKE_FIRE_RISK,data/images/S00097.jpg,35.72,36.64,184.99,277.45,304.29,1.3,33.98,24.51,0.32,3.7,1001.16,0.82
S00098,1786765420,LOC-001,EXTREME_ENVIRONMENTAL_CONDITION,data/images/S00098.jpg,40.43,91.18,352.9,164.34,254.84,1.94,29.77,19.91,47.56,34.57,996.53,0.51
S00099,1786765720,LOC-004,EXTREME_ENVIRONMENTAL_CONDITION,data/images/S00099.jpg,38.4,97.5,317.46,181.91,311.06,0.74,47.43,19.67,47.33,37.93,996.43,0.61
S00100,1786766020,LOC-001,EXTREME_ENVIRONMENTAL_CONDITION,data/images/S00100.jpg,44.79,91.03,395.59,192.76,208.95,0.88,48.97,7.37,102.36,35.06,996.37,0.88
S00101,1786766320,LOC-001,EXTREME_ENVIRONMENTAL_CONDITION,data/images/S00101.jpg,38.1,90.52,405.45,317.81,279.15,0.7,16.39,5.01,42.43,43.44,994.08,0.64
S00102,1786766620,LOC-003,AIR_POLLUTION,data/images/S00102.jpg,30.31,67.84,300.13,192.83,125.08,1.5,35.36,5.09,1.3,1.72,1011.07,0.37
S00103,1786766920,LOC-002,AIR_POLLUTION,data/images/S00103.jpg,32.75,33.02,270.32,208.68,154.99,0.64,45.66,12.43,0,5.88,1009.23,0.54
S00104,1786767220,LOC-001,EXTREME_ENVIRONMENTAL_CONDITION,data/images/S00104.jpg,49.26,91.85,314.6,188.55,329.92,1.89,37.72,6.99,66.03,40.37,980.64,0.3
S00105,1786767520,LOC-004,AIR_POLLUTION,data/images/S00105.jpg,23.57,48.86,226.16,185.43,289.53,0.47,29.52,14.87,0,7.32,1012.97,0.44
S00106,1786767820,LOC-001,AIR_POLLUTION,data/images/S00106.jpg,31.38,48.85,217.1,209.71,175.31,2.12,26.79,6.77,0.71,6.64,1012.29,0.58
S00107,1786768120,LOC-004,HEAVY_RAIN,data/images/S00107.jpg,27.04,96.55,43.31,23.72,39.94,0.28,44.75,1.25,47.15,27.41,998.52,0.5
S00108,1786768420,LOC-002,AIR_POLLUTION,data/images/S00108.jpg,28.83,51.11,219.71,143.54,195.48,0.37,53.34,19.37,0,4.93,1012.71,0.26
S00109,1786768720,LOC-001,LOW_VISIBILITY,data/images/S00109.jpg,21.17,82.66,186.12,121.76,144.3,1.11,48.72,15.75,7.7,2.2,1013.63,0.47
S00110,1786769020,LOC-001,LOW_VISIBILITY,data/images/S00110.jpg,23.72,75.42,100.75,107.15,103.16,0.98,38.1,12.14,5.09,1.97,1010.36,0.29
S00111,1786769320,LOC-001,FLOOD_RISK,data/images/S00111.jpg,27.16,88.13,68.5,46.07,48.94,1.9,33.03,10.12,54.96,19.23,993.65,0.25
S00112,1786769620,LOC-004,EXTREME_ENVIRONMENTAL_CONDITION,data/images/S00112.jpg,46.28,96.32,235.67,246.79,280.2,0.97,60.87,3.24,90.65,42.29,991.47,0.53
S00113,1786769920,LOC-005,NORMAL,data/images/S00113.jpg,22.7,75.03,41.73,20.56,33.31,0.9,38.53,14.51,0.17,4.15,1013.87,0.42
S00114,1786770220,LOC-001,EXTREME_ENVIRONMENTAL_CONDITION,data/images/S00114.jpg,47.46,96.92,462.37,196.92,155.83,1.22,51.53,9.44,65.55,33.49,1000.91,0.66
S00115,1786770520,LOC-004,SMOKE_FIRE_RISK,data/images/S00115.jpg,48.54,45.16,358.97,264.94,337.37,0,62.2,3.61,0,9.77,1005.72,0.37
S00116,1786770820,LOC-001,HEAVY_RAIN,data/images/S00116.jpg,21.22,81.71,60.55,22.6,11.23,1.2,48.37,18.47,39.37,25.44,1005.76,0.3
S00117,1786771120,LOC-003,NORMAL,data/images/S00117.jpg,29.86,49.08,41.41,17.19,30.17,0,44.84,3.54,0,9.26,1014.12,0.6
S00118,1786771420,LOC-003,SMOKE_FIRE_RISK,data/images/S00118.jpg,47.29,39.3,325.92,212.31,293.09,0.62,69.15,24.88,0.21,13.28,1006.42,0.52
S00119,1786771720,LOC-002,SMOKE_FIRE_RISK,data/images/S00119.jpg,35.49,32.07,230.99,191.82,309.9,0.57,40.25,5.55,0.08,9.48,1004.58,0.67
S00120,1786772020,LOC-004,NORMAL,data/images/S00120.jpg,29.06,53.02,20.74,19.29,23.07,1.08,66.39,11.78,0.67,5.1,1005.45,0.7
S00121,1786772320,LOC-001,FLOOD_RISK,data/images/S00121.jpg,19.6,100,43.66,3.94,37.53,1.97,22.49,13.6,60.79,20.55,998.21,0.34
S00122,1786772620,LOC-004,NORMAL,data/images/S00122.jpg,25.71,60.17,46.72,21.2,41.22,1.95,21.63,18.67,0.14,0.01,1012.74,0.15
S00123,1786772920,LOC-003,HEAVY_RAIN,data/images/S00123.jpg,25.11,83.46,66.1,14.47,38.21,0.55,35.74,21.09,54.59,15.79,993.17,0.2
S00124,1786773220,LOC-005,LOW_VISIBILITY,data/images/S00124.jpg,19.81,84.27,170.13,97.54,191.89,0.94,49.03,12.49,4.7,1.39,1009.97,0.63
S00125,1786773520,LOC-001,AIR_POLLUTION,data/images/S00125.jpg,30.71,63.85,199.12,170.11,203.19,1.33,47.41,0.94,0.4,1.37,1012.69,0.21
S00126,1786773820,LOC-001,FLOOD_RISK,data/images/S00126.jpg,24.76,88.32,76.24,37.96,57.21,0.42,28.96,20.55,65.73,21.26,997.31,0.12
S00127,1786774120,LOC-001,NORMAL,data/images/S00127.jpg,29.74,67.13,39.47,18.67,36.61,1.47,31.84,8.45,0,13.12,1015.41,0.8
S00128,1786774420,LOC-004,LOW_VISIBILITY,data/images/S00128.jpg,22.15,86.8,85.24,138.09,104.64,1.22,34.01,22.41,4.26,4.35,1012.9,0.17
S00129,1786774720,LOC-001,NORMAL,data/images/S00129.jpg,25.0,64.6,54.58,21.09,33.04,0.87,53.35,21.89,1.54,8.11,1008.56,0.54
S00130,1786775020,LOC-002,EXTREME_ENVIRONMENTAL_CONDITION,data/images/S00130.jpg,41.14,90.92,317.87,150.9,269.38,0.9,47.03,22.28,104.68,40.33,998.16,0.27
S00131,1786775320,LOC-004,FLOOD_RISK,data/images/S00131.jpg,23.36,83.98,65.3,30.32,37.86,1.15,53.93,25.76,63.02,23.4,1001.47,0.73
S00132,1786775620,LOC-001,LOW_VISIBILITY,data/images/S00132.jpg,15.86,74.38,107.38,142.7,137.88,0.5,30.67,22.89,10.27,1.21,1017.24,0.18
S00133,1786775920,LOC-002,EXTREME_ENVIRONMENTAL_CONDITION,data/images/S00133.jpg,40.79,98.3,255.63,298.51,262.86,1.11,35.71,15.86,42.9,21.94,992.83,0.35
S00134,1786776220,LOC-002,NORMAL,data/images/S00134.jpg,25.01,36.22,43.1,29.11,43.86,0.87,23.13,9.88,0.96,4.49,1007.97,0.25
S00135,1786776520,LOC-004,AIR_POLLUTION,data/images/S00135.jpg,29.68,69.35,179.38,179.21,276.2,0.19,16.34,21.36,0,3.21,1010.18,0.75
S00136,1786776820,LOC-001,LOW_VISIBILITY,data/images/S00136.jpg,20.66,85.44,105.83,95.17,201.38,0.7,25.71,2.8,2.24,0.59,1003.27,0.26
S00137,1786777120,LOC-005,FLOOD_RISK,data/images/S00137.jpg,26.18,84.83,71.21,19.68,55.24,0.39,49.39,0,73.21,17.49,997.48,0.4
S00138,1786777420,LOC-004,AIR_POLLUTION,data/images/S00138.jpg,28.15,51.16,267.04,184.67,195.62,1.1,16.75,13.46,0,4.8,1005.44,0.27
S00139,1786777720,LOC-003,LOW_VISIBILITY,data/images/S00139.jpg,18.84,84.62,162.75,81.13,117.38,0.82,39.35,10.34,0,2.84,1012.7,0.73
S00140,1786778020,LOC-001,EXTREME_ENVIRONMENTAL_CONDITION,data/images/S00140.jpg,44.72,92.28,297.57,200.33,299.54,0.6,37.7,12.42,72.95,29.0,994.97,0.7
S00141,1786778320,LOC-003,FLOOD_RISK,data/images/S00141.jpg,27.52,87.47,54.7,6.21,49.62,1.09,27.26,12.67,53.69,12.11,999.67,0.34
S00142,1786778620,LOC-001,HEAVY_RAIN,data/images/S00142.jpg,20.89,93.62,63.53,17.63,30.07,0.57,32.69,8.39,35.88,23.15,1006.44,0.55
S00143,1786778920,LOC-005,LOW_VISIBILITY,data/images/S00143.jpg,20.77,77.04,146.65,126.0,194.59,1.61,23.59,0,5.14,0.95,1008.06,0.38
S00144,1786779220,LOC-001,NORMAL,data/images/S00144.jpg,19.88,45.65,66.73,18.9,45.25,1.11,44.6,27.94,1.63,8.74,1013.46,0.71
S00145,1786779520,LOC-005,EXTREME_ENVIRONMENTAL_CONDITION,data/images/S00145.jpg,37.73,86.49,357.35,251.29,266.51,0.63,44.51,20.78,102.02,31.23,993.09,0.19
S00146,1786779820,LOC-004,NORMAL,data/images/S00146.jpg,22.95,67.65,30.5,23.4,32.88,0.19,41.75,13.35,0,11.1,1008.54,0.85
S00147,1786780120,LOC-003,HEAVY_RAIN,data/images/S00147.jpg,16.66,78.72,53.0,0,40.44,0.04,38.59,12.56,48.4,24.47,999.49,0.59
S00148,1786780420,LOC-001,FLOOD_RISK,data/images/S00148.jpg,26.27,87.63,72.52,0,41.25,1.43,57.71,9.88,29.51,19.26,996.28,0.55
S00149,1786780720,LOC-003,FLOOD_RISK,data/images/S00149.jpg,24.66,93.32,67.19,30.88,46.51,0.04,46.69,7.72,97.55,23.35,997.41,0.84
S00150,1786781020,LOC-001,SMOKE_FIRE_RISK,data/images/S00150.jpg,29.11,31.34,276.05,269.45,255.39,1.03,58.55,22.71,0.01,3.53,1009.48,0.63
S00151,1786781320,LOC-005,FLOOD_RISK,data/images/S00151.jpg,23.49,89.0,56.54,18.31,42.74,1.44,21.91,12.71,57.87,21.73,996.64,0.2
S00152,1786781620,LOC-005,LOW_VISIBILITY,data/images/S00152.jpg,22.67,84.36,176.18,137.68,183.3,1.32,44.41,30.43,3.95,2.54,1003.74,0.52
S00153,1786781920,LOC-005,SMOKE_FIRE_RISK,data/images/S00153.jpg,43.45,30.8,386.48,176.75,287.46,0.95,10.67,19.41,0,7.38,1006.98,0.11
S00154,1786782220,LOC-004,FLOOD_RISK,data/images/S00154.jpg,22.84,79.88,58.25,33.74,51.88,0.59,41.26,17.72,54.27,6.73,1002.6,0.58
S00155,1786782520,LOC-004,LOW_VISIBILITY,data/images/S00155.jpg,18.86,68.49,166.58,109.96,165.19,1.59,22.16,19.01,10.41,5.11,1004.59,0.38
S00156,1786782820,LOC-003,NORMAL,data/images/S00156.jpg,23.18,63.06,39.64,7.82,43.65,1.87,59.67,19.54,1.79,10.21,1011.15,0.79
S00157,1786783120,LOC-005,AIR_POLLUTION,data/images/S00157.jpg,26.63,42.47,273.98,195.04,280.65,1.39,57.01,12.34,0,3.72,1012.68,0.37
S00158,1786783420,LOC-004,NORMAL,data/images/S00158.jpg,31.15,41.64,36.95,31.3,53.71,0.65,34.6,0,0.64,10.72,1011.25,0.55
S00159,1786783720,LOC-005,LOW_VISIBILITY,data/images/S00159.jpg,23.15,56.85,110.0,77.04,167.46,0.83,23.73,0.49,11.6,0,1007.9,0.32
S00160,1786784020,LOC-004,EXTREME_ENVIRONMENTAL_CONDITION,data/images/S00160.jpg,42.91,90.29,250.76,206.25,286.39,0.82,29.39,15.71,48.03,31.13,986.29,0.57
S00161,1786784320,LOC-004,HEAVY_RAIN,data/images/S00161.jpg,23.55,80.31,29.27,16.76,35.91,0.91,28.62,21.37,31.28,25.24,1001.34,0.56
S00162,1786784620,LOC-002,AIR_POLLUTION,data/images/S00162.jpg,30.29,39.31,258.29,110.58,218.73,1.74,8.96,1.28,0,2.56,1008.35,0.43
S00163,1786784920,LOC-003,HEAVY_RAIN,data/images/S00163.jpg,22.32,91.82,69.21,10.14,35.08,1.24,48.07,2.36,53.42,17.81,1000.12,0.49
S00164,1786785220,LOC-003,AIR_POLLUTION,data/images/S00164.jpg,28.53,57.47,286.84,163.23,197.26,1.09,0,0,0.78,0,1007.06,0.58
S00165,1786785520,LOC-003,SMOKE_FIRE_RISK,data/images/S00165.jpg,38.0,43.6,360.22,277.96,202.09,1.49,38.76,22.12,0,1.09,1008.59,0.18
S00166,1786785820,LOC-002,FLOOD_RISK,data/images/S00166.jpg,25.66,89.0,48.65,16.53,30.68,1.15,34.09,0,72.55,18.31,992.69,0.12
S00167,1786786120,LOC-003,EXTREME_ENVIRONMENTAL_CONDITION,data/images/S00167.jpg,44.79,87.84,242.73,150.02,197.07,1.38,34.44,6.69,88.75,30.15,990.07,0.49
S00168,1786786420,LOC-004,HEAVY_RAIN,data/images/S00168.jpg,22.01,100,46.4,18.56,43.6,1.16,19.35,9.97,42.59,26.62,1002.44,0.88
S00169,1786786720,LOC-001,EXTREME_ENVIRONMENTAL_CONDITION,data/images/S00169.jpg,39.93,96.95,187.14,255.85,210.76,0.71,30.49,16.1,93.79,42.96,998.39,0.86
S00170,1786787020,LOC-005,AIR_POLLUTION,data/images/S00170.jpg,28.07,63.15,293.01,163.01,196.01,1.79,19.58,26.61,1.98,4.87,1010.06,0.4
S00171,1786787320,LOC-003,SMOKE_FIRE_RISK,data/images/S00171.jpg,37.2,16.25,391.17,268.26,304.19,1.29,55.18,1.75,1.19,4.22,1001.78,0.56
S00172,1786787620,LOC-002,FLOOD_RISK,data/images/S00172.jpg,26.31,99.33,75.04,23.14,53.17,0.97,33.7,20.59,64.31,7.7,993.48,0.9
S00173,1786787920,LOC-003,NORMAL,data/images/S00173.jpg,25.75,45.33,42.64,21.47,21.62,1.06,51.01,16.38,0,6.66,1010.53,0.8
S00174,1786788220,LOC-004,SMOKE_FIRE_RISK,data/images/S00174.jpg,32.79,29.59,408.44,117.66,302.01,1.12,38.85,6.4,0,6.13,1005.05,0.72
S00175,1786788520,LOC-003,HEAVY_RAIN,data/images/S00175.jpg,20.79,88.11,31.63,23.58,28.8,1.19,22.48,17.97,43.75,18.23,1001.52,0.47
S00176,1786788820,LOC-005,FLOOD_RISK,data/images/S00176.jpg,19.49,98.57,61.79,37.41,56.33,1.36,22.76,25.5,57.13,6.49,996.02,0.83
S00177,1786789120,LOC-002,HEAVY_RAIN,data/images/S00177.jpg,21.36,81.27,70.2,12.94,30.98,1.28,38.9,5.85,36.12,4.03,998.01,0.18
S00178,1786789420,LOC-003,NORMAL,data/images/S00178.jpg,27.16,53.06,75.12,14.78,34.09,0.81,37.93,17.22,0.89,7.59,1014.4,0.65
S00179,1786789720,LOC-002,HEAVY_RAIN,data/images/S00179.jpg,21.04,87.6,39.55,22.85,29.59,1.07,23.72,24.26,46.01,29.89,1003.22,0.2
S00180,1786790020,LOC-004,NORMAL,data/images/S00180.jpg,24.92,53.78,25.42,5.84,48.28,0.72,30.8,22.84,0,9.55,1009.75,0.38
S00181,1786790320,LOC-002,HEAVY_RAIN,data/images/S00181.jpg,18.23,90.95,61.91,22.12,44.85,1.41,23.87,0,52.28,14.69,1002.03,0.63
S00182,1786790620,LOC-005,FLOOD_RISK,data/images/S00182.jpg,25.47,91.13,55.35,34.51,62.29,2.27,40.68,0.5,77.81,13.95,995.07,0.17
S00183,1786790920,LOC-002,EXTREME_ENVIRONMENTAL_CONDITION,data/images/S00183.jpg,31.53,95.47,254.4,181.7,259.03,1.39,33.11,19.55,61.86,36.53,996.87,0.71
S00184,1786791220,LOC-005,HEAVY_RAIN,data/images/S00184.jpg,20.71,82.92,36.09,18.9,37.43,1.57,55.42,8.97,40.44,24.39,995.94,0.58
S00185,1786791520,LOC-004,HEAVY_RAIN,data/images/S00185.jpg,19.2,83.27,65.57,19.35,36.66,1.42,39.31,7.62,45.79,22.86,996.78,0.12
S00186,1786791820,LOC-003,EXTREME_ENVIRONMENTAL_CONDITION,data/images/S00186.jpg,38.88,93.79,396.01,221.04,255.4,0,41.01,21.89,79.35,19.87,988.26,0.75
S00187,1786792120,LOC-004,SMOKE_FIRE_RISK,data/images/S00187.jpg,28.73,39.9,341.14,279.84,224.94,0.74,9.57,9.17,0,5.71,1007.68,0.39
S00188,1786792420,LOC-003,HEAVY_RAIN,data/images/S00188.jpg,23.96,87.37,67.71,33.85,28.32,0.57,13.03,9.05,52.06,16.48,1013.41,0.22
S00189,1786792720,LOC-004,NORMAL,data/images/S00189.jpg,21.8,55.44,73.26,17.59,31.74,0.67,44.33,4.84,0.32,6.32,1016.55,0.66
S00190,1786793020,LOC-002,EXTREME_ENVIRONMENTAL_CONDITION,data/images/S00190.jpg,40.8,84.72,323.79,239.19,248.53,1.34,48.18,4.08,48.39,35.53,999.24,0.19
S00191,1786793320,LOC-003,HEAVY_RAIN,data/images/S00191.jpg,15.19,75.55,35.06,19.96,29.78,0.34,17.48,20.83,35.73,20.12,998.08,0.58
S00192,1786793620,LOC-004,LOW_VISIBILITY,data/images/S00192.jpg,20.32,79.93,176.2,164.07,179.7,0.76,54.82,11.39,4.34,5.55,1010.41,0.44
S00193,1786793920,LOC-005,SMOKE_FIRE_RISK,data/images/S00193.jpg,39.54,27.9,282.54,290.15,235.12,1.45,35.84,7.42,0,4.04,1007.24,0.59
S00194,1786794220,LOC-002,AIR_POLLUTION,data/images/S00194.jpg,36.95,35.96,259.27,183.13,207.14,0.53,53.74,0.06,0,4.48,1011.35,0.46
S00195,1786794520,LOC-003,FLOOD_RISK,data/images/S00195.jpg,21.48,93.92,51.27,43.29,18.79,0.75,17.21,10.21,60.66,14.76,996.98,0.56
S00196,1786794820,LOC-005,SMOKE_FIRE_RISK,data/images/S00196.jpg,38.08,41.44,320.63,221.38,278.66,1.01,8.95,15.5,0,3.3,1002.07,0.52
S00197,1786795120,LOC-001,NORMAL,data/images/S00197.jpg,25.21,69.03,26.01,19.85,45.09,0.89,20.93,13.19,1.51,10.18,1011.25,0.22
S00198,1786795420,LOC-005,LOW_VISIBILITY,data/images/S00198.jpg,20.95,89.52,180.14,113.84,160.0,0.47,26.14,7.46,8.44,3.76,1013.07,0.49
S00199,1786795720,LOC-003,NORMAL,data/images/S00199.jpg,28.25,54.11,62.14,28.23,39.53,2.13,30.98,8.74,1.02,1.78,1014.15,0.59
